<LibraryPool>
 <Name>Buechereiverbund Berlin</Name>
 <Chairman>
  <Person>
   <Name>Egon Mustermann</Name>
   <Birthday>
    <Date>
     <Day>17</Day>
     <Month>11</Month>
     <Year>1963</Year>
    </Date>
   </Birthday>
   <Address>
    <Street>Schlossstr.</Street>
    <Number>117</Number>
    <Zipcode>12077</Zipcode>
    <Town>Berlin</Town>
   </Address>
  </Person>
 </Chairman>
 <Library>
  <Name>Wedding</Name>
  <Address>
   <Street>Buchallee</Street>
   <Number>15a</Number>
   <Zipcode>13315</Zipcode>
   <Town>Berlin</Town>
  </Address>
  <Medium>
   <Title>Programmieren in C</Title>
   <Signatur>PC99</Signatur>
   <Location>
    <Section>Technik</Section>
    <Rack>Computer</Rack>
   </Location>
   <FSK>0</FSK>
   <Status>2</Status>
  </Medium>
  <Medium>
   <Title>Der Hexer</Title>
   <Signatur>He83</Signatur>
   <Location>
    <Section>Romane</Section>
    <Rack>Krimi</Rack>
   </Location>
   <FSK>12</FSK>
   <Status>1</Status>
  </Medium>
  <Manager>
   <Person>
    <Name>Peter Mueller</Name>
    <Birthday>
     <Date>
      <Day>17</Day>
      <Month>11</Month>
      <Year>1963</Year>
     </Date>
    </Birthday>
    <Address>
     <Street>Muellerstr.</Street>
     <Number>39</Number>
     <Zipcode>13309</Zipcode>
     <Town>Berlin</Town>
    </Address>
   </Person>
  </Manager>
 </Library>
 <Library>
  <Name>Steglitz</Name>
  <Manager>
   <Person>
    <Name>Erika Mueller</Name>
    <Birthday>
     <Date>
      <Day>17</Day>
      <Month>11</Month>
      <Year>1963</Year>
     </Date>
    </Birthday>
    <Address>
     <Street>Muellerstr.</Street>
     <Number>39</Number>
     <Zipcode>13309</Zipcode>
     <Town>Berlin</Town>
    </Address>
   </Person>
  </Manager>
  <Address>
   <Street>Schlossstr.</Street>
   <Number>117</Number>
   <Zipcode>12077</Zipcode>
   <Town>Berlin</Town>
  </Address>
  <Medium>
   <Title>Asterix und Obelix</Title>
   <Signatur>KC17</Signatur>
   <Location>
    <Rack>Comics</Rack>
    <Section>Kinder</Section>
   </Location>
   <FSK>0</FSK>
   <Status>1</Status>
  </Medium>
  <Medium>
   <Title>Der Werwolf</Title>
   <Signatur>WW175</Signatur>
    <Location>
    <Section>DVDs</Section>
    <Rack>Horror</Rack>
   </Location>
   <FSK>16</FSK>
   <Status>2</Status>
  </Medium>
 </Library>
 <Customer>
  <Person>
   <Name>Marion Schulz</Name>
   <Address>
    <Street>Buchallee</Street>
    <Number>23</Number>
    <Zipcode>13315</Zipcode>
    <Town>Berlin</Town>
   </Address>
   <Birthday>
    <Date>
     <Day>25</Day>
     <Month>3</Month>
     <Year>1975</Year>
    </Date>
   </Birthday>
  </Person>
 </Customer>
 <Customer>
  <Person>
   <Name>Stefan Meier</Name>
   <Address>
    <Town>Berlin</Town>
    <Zipcode>10815</Zipcode>
    <Number>41</Number>
    <Street>Berliner Str.</Street>
   </Address>
   <Birthday>
    <Date>
     <Day>7</Day>
     <Month>7</Month>
     <Year>1977</Year>
    </Date>
   </Birthday>
  </Person>
 </Customer>
</LibraryPool>
